,0
0,Abbot Point_Australia
1,Abenra_Denmark
2,Aberdeen_U.S.A.
3,Aberdeen_United Kingdom
4,Abidjan_Cote d'Ivoire
5,Abu Zaby_United Arab Emirates
6,Acajutla_El Salvador
7,Acapulco_Mexico
8,Ad Dakhla_Western Sahara
9,Aden_Yemen
10,Agadir_Morocco
11,Ahus_Sweden
12,Aiyion_Greece
13,Ajman_United Arab Emirates
14,Akita-Funakawa Ko_Japan
15,Ako_Japan
16,Aktau Port_Kazakhstan
17,Akureyri_Iceland
18,Al Ahmadi_Yemen
19,Al Aqabah_Jordan
20,Al Basrah_Iraq
21,Al Burayqah_Libya
22,Al Hamriyah LPG Terminal_United Arab Emirates
23,Al Iskandariyh (Alexandria)_Egypt
24,Al Jubayl_Saudi Arabia
25,Al Kuwayt_Kuwait
26,Al Ladhiqiyah_Syria
27,Al Mukalla_Yemen
28,Albany_Australia
29,Alborg_Denmark
30,Alesund_Norway
31,Algeciras_Spain
32,Alger_Algeria
33,Aliaga_Turkey
34,Alicante_Spain
35,Almeria_Spain
36,Alofi_Niue
37,Alotoa_Papua New Guinea
38,Altamira_Mexico
39,Alvika_Norway
40,Amagasaki_Japan
41,Amamapare_Indonesia
42,Ambon_Indonesia
43,Amirabad Port_Iran
44,Ampenan_Indonesia
45,Amsterdam_Netherlands
46,Amuay (Bahia De Amuay)_Venezuela
47,Anacortes_Canada
48,Anchorage_U.S.A.
49,Ancona_Italy
50,Andoany_Madagascar
51,Andres (Andres LGN Terminal)_Dominican Republic
52,Anguilla_Anguilla
53,Annaba_Algeria
54,Antalya_Turkey
55,Antisranana_Madagascar
56,Antofagasta_Chile
57,Antwerp_Belgium
58,Anzali Port_Iran
59,Aomori Ko_Japan
60,Apia_Samoa
61,Apra Harbor_Guam
62,Aratu_Brazil
63,Arawak_Barbados
64,Ardalstangen_Norway
65,Ardel_Norway
66,Argentia_Canada
67,Arhus_Denmark
68,Arkhangels'k_Russia
69,Arrecife_Spain
70,Arzew El Djedid_Algeria
71,As Suways_Egypt
72,Ash Shariqah_United Arab Emirates
73,Ashdod_Israel
74,Ashqelon_Israel
75,Aspropirgos_Greece
76,Astrakhan Port_Russia
77,Atapupu_Indonesia
78,Atuona_French Polynesia
79,Auckland_New Zealand
80,Augusta_Italy
81,Avatiu_Cook Islands
82,Aveiro_Portugal
83,Aviles_Spain
84,Avonmouth_United Kingdom
85,Az Zawiya_Libya
86,Bahai De La Habana_Cuba
87,Bahia De Las Minas_Panama
88,Bahia De Matarani_Peru
89,Bahia De Valparaiso_Chile
90,Bahia Quintero (Ventanas)_Chile
91,Bahia San Nicolas_Peru
92,Bahia San Vicente_Chile
93,Baie Comeau_Canada
94,Baie De Kouaoua_New Caledonia
95,Baie Du Marigot_Saint Martin
96,Baie Taoihae_French Polynesia
97,Baie Ugue_New Caledonia
98,Bajo Grande_Venezuela
99,Bakar_Croatia
100,Baku Port_Azerbaijan
101,Balboa_Panama
102,Balikpapa_Indonesia
103,Baltimore_U.S.A.
104,Baltiysk_Russia
105,Bamdar-E Pars Terminal_Iran
106,Bamdar-E Shahid Reajie_Iran
107,Bandar Abbas_Iran
108,Bandar Khomeyni_Iran
109,Bandirma_Turkey
110,Banghazi_Libya
111,Bangkok_Thailand
112,Banjarmasin_Indonesia
113,Banjul_Gambia
114,Banten_Indonesia
115,Banzart_Tunisia
116,Bar_Montenegro
117,Barbor's Point_U.S.A.
118,Barcelona_Spain
119,Bari_Italy
120,Barranquilla_Colombia
121,Barry_United Kingdom
122,Basseterre_Saint Kitts and Nevis
123,Basuo_China
124,Bata_Equatorial Guinea
125,Batangas City_Philippines
126,Baton Rouge_U.S.A.
127,Batumi_Georgia
128,Baubau_Indonesia
129,Bautino_Kazakhstan
130,Bay City_U.S.A.
131,Bayonne_France
132,Bayrut_Lebanon
133,Bayuquan_China
134,Beaumont_U.S.A.
135,Bedyansk_Ukraine
136,Beihai_China
137,Beira_Mozambique
138,Bejaia_Algeria
139,Belawan_Indonesia
140,Belem_Brazil
141,Belfast_United Kingdom
142,Belize City_Belize
143,Bellingham_U.S.A.
144,Benicia_U.S.A.
145,Benoa_Indonesia
146,Berbera_Somalia
147,Bergen_Norway
148,Big Creek_Belize
149,Bintulu Port_Malaysia
150,Bissau_Guinea-Bissau
151,Bitung_Indonesia
152,Blanglancang_Indonesia
153,Bluff Harbor_New Zealand
154,Bohai Bay_China
155,Bonny_Nigeria
156,Bontang LNG Terminal_Indonesia
157,Boosaaso_Somalia
158,Bordeaux_France
159,Boston_U.S.A.
160,Boston_United Kingdom
161,Botany Bay_Australia
162,Botas_Turkey
163,Botas Natural Gas Terminal_Turkey
164,Brades_Montserrat
165,Brake_Germany
166,Brasil Port_Brazil
167,Bremen_Germany
168,Bremerhaven_Germany
169,Brevik_Norway
170,Bridgeport_U.S.A.
171,Bridgetown_Barbados
172,Brighton_Trinidad and Tobago
173,Brindisi_Italy
174,Brisbane_Australia
175,Brofjorden_Sweden
176,Broome_Australia
177,Brownsville_U.S.A.
178,Bruges_Belgium
179,Brunsbuttel Elbahafen_Germany
180,Brunswick_U.S.A.
181,Buchanan_Liberia
182,Buco_Philippines
183,Buenaventura_Colombia
184,Buenos Aires_Argentina
185,Buffington_U.S.A.
186,Buka_Papua New Guinea
187,Bukhta Vanino_Russia
188,Bukhta nagayeva (Nagadan)_Russia
189,Bullen Baai_Curacao
190,Bunbury_Australia
191,Bur Safago_Egypt
192,Bur Said (Port Said)_Egypt
193,Burgas_Bulgaria
194,Burnie_Australia
195,Burns Harbor_U.S.A.
196,Bushehr_Iran
197,Butinge Oil Terminal_Lithuania
198,Butuan City_Philippines
199,Cabanas_Cuba
200,Cabedelo_Brazil
201,Cadiz_Spain
202,Cagatan De Oro_Philippines
203,Cagliari_Italy
204,Cairns_Australia
205,Calabar_Nigeria
206,Calais_France
207,Calcutta_India
208,Caleta Patillos_Chile
209,Calumet Harbor_U.S.A.
210,Campana_Argentina
211,Canaport (St. John)_Canada
212,Canaveral Harbor_U.S.A.
213,Cang Doosan Vina_Vietnam
214,Cap Haitien_Haiti
215,Cape Town_South Africa
216,Caracasbaai_Curacao
217,Cardiff_United Kingdom
218,Cartagena_Colombia
219,Cartagena_Spain
220,Casablanca_Morocco
221,Castries_Saint Lucia
222,Catania_Italy
223,Cayo Moa Grande_Cuba
224,Cebu_Philippines
225,Chaguaramas_Trinidad and Tobago
226,Chan Bahar_Iran
227,Changshu_China
228,Changzhou_China
229,Chaozhou_China
230,Charco Azul_Panama
231,Charleston_U.S.A.
232,Charlestown_Saint Kitts and Nevis
233,Charlotte Amalie_U.S. Virgin Islands
234,Chatnam Docks_United Kingdom
235,Chennai (Madras)_India
236,Cherry Point_Canada
237,Chester_U.S.A.
238,Chi-Lung_Taiwan
239,Chiba Ko_Japan
240,Chiriqui Grande_Panama
241,Chittagong_Bangladesh
242,Chiwan_China
243,Christiansted_U.S. Virgin Islands
244,Cienfuegos_Cuba
245,Cilacap_Indonesia
246,Cirebon_Indonesia
247,Civitavecchia_Italy
248,Clarkson_Canada
249,Cleveland_U.S.A.
250,Clifton_Saint Vincent and the Grenadines
251,Clifton Pier_Bahamas
252,Coatzacoalcos_Mexico
253,Coles Bay Oil Terminal_Sint Maarten
254,Colombo_Sri Lanka
255,Colonia_Micronesia
256,Come By Chance Harbor_Canada
257,Comodoro Rivadavia_Argentina
258,Conakry_Guinea
259,Conchan Oil Terminal_Peru
260,Constanta_Romania
261,Corinto_Nicaragua
262,Cork_Ireland
263,Coronei_Chile
264,Corpus Christi_U.S.A.
265,Cotonou_Benin
266,Covenas Offshore Term._Colombia
267,Cueta_Spain
268,Cuxhaven_Germany
269,Da Nang_Vietnam
270,Daesan Hang_South Korea
271,Dahej_India
272,Dakar_Senegal
273,Dalian_China
274,Damietta_Egypt
275,Damman_Saudi Arabia
276,Dampier_Australia
277,Dandong_China
278,Dar Es Salaam_Tanzania
279,Daru_Papua New Guinea
280,Darwin_Australia
281,Davao_Philippines
282,Davisville Depot_U.S.A.
283,De Kastri_Russia
284,Degrad Des Cannes_French Guiana
285,Delfzijl_Netherlands
286,Delta Terminal_Turkey
287,Derince Burnu_Turkey
288,Devonport_Australia
289,Dhaka_Bangladesh
290,Dhamara Port_India
291,Dhekelia_Cyprus
292,Dili_Timor-Leste
293,Djen-Djen_Algeria
294,Djibouti_Djibouti
295,Djupivogur_Iceland
296,Djupviken_Norway
297,Donggala_Indonesia
298,Dos Bocas Terminal_Mexico
299,Douala_Cameroon
300,Dover_Australia
301,Dover Harbor_United Kingdom
302,Drammen_Norway
303,Drogheda_Ireland
304,Duba_Saudi Arabia
305,Duba Bulk Plant Tanker Terminal_Saudi Arabia
306,Dubayy_United Arab Emirates
307,Dublin_Ireland
308,Dudinka_Russia
309,Dumai_Indonesia
310,Dunkerque Port Ouest_France
311,Durban_South Africa
312,Durres_Albania
313,Dzaoudzi_Mayotte
314,EL Segundo_U.S.A.
315,East London_South Africa
316,Eemshaven_Netherlands
317,El Grao_Spain
318,El Guamache_Venezuela
319,El Jorf Lasfar_Morocco
320,El Palito_Venezuela
321,El-Adabiya_Egypt
322,Elevsis_Greece
323,Emden_Germany
324,Empire_U.S.A.
325,Ende_Indonesia
326,Ensenada_Mexico
327,Eregli_Turkey
328,Esbjerg_Denmark
329,Eskifjordhur_Iceland
330,Esmeraldas_Ecuador
331,Esperance_Australia
332,Europa Point_Gibraltar
333,Everett_U.S.A.
334,Ez Zueitina_Libya
335,Falkenberg_Sweden
336,Falmouth_Jamaica
337,Falmouth Harbour_United Kingdom
338,Famagusta_Turkey
339,Fang-Cheng_China
340,Faradofay_Madagascar
341,Fare_French Polynesia
342,Fawley Marine Terminal_United Kingdom
343,Felixstow_United Kingdom
344,Ferrol_Spain
345,Figueira Da Foz_Portugal
346,Finnart Oil Terminal_United Kingdom
347,Finnsnes_Norway
348,Flekkefjorden_Norway
349,Floro_Norway
350,Fort De France_Martinique
351,Fos_France
352,Founchon_U.S.A.
353,Foynes_Ireland
354,Fredericia_Denmark
355,Frederikshavn_Denmark
356,Fredrikstad_Norway
357,Freeport_Bahamas
358,Freeport_U.S.A.
359,Freeriksvaerk_Denmark
360,Freetown_Sierra Leone
361,Fremantle_Australia
362,Fujayrah Harbor_United Arab Emirates
363,Fukui Ko_Japan
364,Fukuyama_Japan
365,Funabashi_Japan
366,Funafuti Atoll_Tuvalu
367,Funchal_Portugal
368,Furku_Finland
369,Fushiki-Toyama_Japan
370,Fuzhou_China
371,Gabes_Tunisia
372,Galeota Point Terminal_Trinidad and Tobago
373,Galveston_U.S.A.
374,Galway_Ireland
375,Gaogang_China
376,Garlston_United Kingdom
377,Gary_U.S.A.
378,Gavan Vysotsk_Russia
379,Gavle_Sweden
380,Gdansk_Poland
381,Gdynia_Poland
382,Gebig_Brazil
383,Geelong_Australia
384,Gela_Italy
385,Gemlik_Turkey
386,General Santos_Philippines
387,Genova_Italy
388,Georgetown_Bahamas
389,Georgetown_Cayman Islands
390,Georgetown_Guyana
391,Geraldton_Australia
392,Ghazaquet_Algeria
393,Ghent_Belgium
394,Gijon_Spain
395,Gioia Tauro_Italy
396,Gisborne_New Zealand
397,Gizo Harbor_Solomon Islands
398,Gladstone_Australia
399,Glasgow_United Kingdom
400,Glomfjord_Norway
401,Golcuk Burnu_Turkey
402,Golfito_Costa Rica
403,Gomen_New Caledonia
404,Goole_United Kingdom
405,Goose Bay_Canada
406,Gorgon LNG_Australia
407,Gorontalo_Indonesia
408,Goteborg_Sweden
409,Goto Oil Terminal_Bonaire
410,Gourd Shanzui_China
411,Gove_Australia
412,Grand Haven_U.S.A.
413,Grand Isle_U.S.A.
414,Grand Turk_Turks and Caicos Islands
415,Grangemouth_United Kingdom
416,Gravesend_United Kingdom
417,Great Yarmouth_United Kingdom
418,Green Bay_U.S.A.
419,Grenaa Havn_Denmark
420,Gresik_Indonesia
421,Grimsby_United Kingdom
422,Guaiba Island Terminal_Brazil
423,Guangdong Yangjiang Port_China
424,Guangxi Beibu Gulf Port_China
425,Guangzhou_China
426,Guayaquil_Ecuador
427,Guaymas_Mexico
428,Gulfport_U.S.A.
429,Gulluk_Turkey
430,Gustavia_Saint-Barthelemy
431,Gwadar_Pakistan
432,Gwangyang Hang_South Korea
433,Hachinohe Ko_Japan
434,Hai Phong_Vietnam
435,Haifa_Israel
436,Haifeng power_China
437,Haikou_China
438,Haimen_China
439,Hakata_Japan
440,Hakodate Ko_Japan
441,Halden_Norway
442,Haldia Port_India
443,Halifax_Canada
444,Halmstad_Sweden
445,Hamada Ko_Japan
446,Hamburg_Germany
447,Hamilton_Canada
448,Hamina_Finland
449,Hammerfest_Norway
450,Hanko_Finland
451,Hankow_China
452,Hannan Ko_Japan
453,Harbor Yeweiju_China
454,Harlingen_Netherlands
455,Harmac_Canada
456,Haroysund_Norway
457,Haydarpasa_Turkey
458,Haypoint_Australia
459,Helsingborg_Sweden
460,Helsinki_Finland
461,Hera_Timor-Leste
462,Heysham_United Kingdom
463,Higashi-Harima_Japan
464,Hilo_U.S.A.
465,Himeji_Japan
466,Hiroshima_Japan
467,Hirtshals_Denmark
468,Hitachi_Japan
469,Hobart_Australia
470,Hobro_Denmark
471,Hofu_Japan
472,Homikawa_Japan
473,Hon Gai_Vietnam
474,Hong Kong_Hong Kong
475,Honiara_Solomon Islands
476,Honolulu_U.S.A.
477,Hopa_Turkey
478,Horta_Portugal
479,Horten_Norway
480,Hososhima Ko_Japan
481,Houston_U.S.A.
482,Hua-Lien Kang_Taiwan
483,Huelva_Spain
484,Huizhou_China
485,Husum_Germany
486,Husum_Sweden
487,Ijmuiden_Netherlands
488,Iligan_Philippines
489,Illichivsk_Ukraine
490,Imabari Ko_Japan
491,Imatra_Finland
492,Imbituba_Brazil
493,Immingham_United Kingdom
494,Inchon_South Korea
495,Indiana Harbor_U.S.A.
496,Indonesia Morowali Industrial Park_Indonesia
497,Inkoo_Finland
498,Ipswich_United Kingdom
499,Iquique_Chile
500,Iraklion_Greece
501,Ishikari Bay New Port_Japan
502,Ishinomaki Ko_Japan
503,Iskenderun_Turkey
504,Istanbul_Turkey
505,Itajai_Brazil
506,Itaqui_Brazil
507,Iverness_United Kingdom
508,Iwakuni Ko_Japan
509,Izhevskoye_Russia
510,Izmir_Turkey
511,JSW Jaigad Port Limited_India
512,Jabal Az Zannah-Ruways_United Arab Emirates
513,Jacksonville_U.S.A.
514,Jakarta_Indonesia
515,Jakobstad_Finland
516,Jayapura_Indonesia
517,Jiangyin_China
518,Jiddah_Saudi Arabia
519,Jiddah Oil_Saudi Arabia
520,Jimenez_Philippines
521,Jinzhou Wan_China
522,Joensuu_Finland
523,Johor_Malaysia
524,Jose Terminal_Venezuela
525,Joutseno_Finland
526,Ju Aymah LPG Terminal_Saudi Arabia
527,Kaba Burnu_Turkey
528,Kagoshima Ko_Japan
529,Kakinada Bay_India
530,Kaliningrad_Russia
531,Kalmar_Sweden
532,Kalundborg_Denmark
533,Kamaishi Ko_Japan
534,Kamarajar Port_India
535,Kampong Saom_Cambodia
536,Kamsar_Guinea
537,Kanazawa_Japan
538,Kanda_Japan
539,Kandalaksha_Russia
540,Kandla_India
541,Kao Hsiung_Taiwan
542,Karabiga_Turkey
543,Karachi_Pakistan
544,Karaikal Port_India
545,Karatsu_Japan
546,Karlshamn_Sweden
547,Karsto_Norway
548,Kashima Ko_Japan
549,Kasim Terminal_Indonesia
550,Kaskinen_Finland
551,Kaukas_Finland
552,Kavala_Greece
553,Kavieng Harbor_Papua New Guinea
554,Kavkaz Oil Terminal_Russia
555,Kawasaki Ko_Japan
556,Kemaman Harbor_Malaysia
557,Kemi_Finland
558,Kendari_Indonesia
559,Kerch_Ukraine
560,Khalifa Bin Salman_Bahrain
561,Khawr Fakkan_United Arab Emirates
562,Khoms_Libya
563,Khorramshahr_Iran
564,Kiel_Germany
565,Kieta_Papua New Guinea
566,Kiire_Japan
567,Kikuma Ko_Japan
568,Kilifi_Kenya
569,Kimbe_Papua New Guinea
570,King Fahd Port_Saudi Arabia
571,King's Lynn_United Kingdom
572,Kingston_Jamaica
573,Kingston Upon Hull_United Kingdom
574,Kingstown_Saint Vincent and the Grenadines
575,Kinuura Ko_Japan
576,Kiribati_Kiribati
577,Kirteh Oil Terminal_Malaysia
578,Kisarazu Ko_Japan
579,Klaipeda_Lithuania
580,Klein Point_Australia
581,Kobe_Japan
582,Kobenhavn_Denmark
583,Kochi (Chochin)_India
584,Kochi Ko_Japan
585,Koge_Denmark
586,Kokkala_Finland
587,Koko_Nigeria
588,Kolding_Denmark
589,Komatsushima_Japan
590,Kondopoga_Russia
591,Koolan_Australia
592,Koper_Slovenia
593,Koror_Palau
594,Korsakov_Russia
595,Kota Baru_Indonesia
596,Kota Kinabalu_Malaysia
597,Kotka_Finland
598,Kralendijk_Bonaire
599,Krishnapatnam Port_India
600,Kristiansand_Norway
601,Kristiansund_Norway
602,Kuala Belait_Brunei
603,Kuantan New Port_Malaysia
604,Kuching_Malaysia
605,Kudamatsu_Japan
606,Kulevi Oil Terminal_Georgia
607,Kunda_Estonia
608,Kunsan_South Korea
609,Kupang_Indonesia
610,Kure_Japan
611,Kushiro Ko_Japan
612,Kwajalein_Marshall Islands
613,Kyrenia_Turkey
614,LNG Tangguh_Indonesia
615,La Baie (Port Alfred)_Canada
616,La Ceiba_Honduras
617,La Coruna_Spain
618,La Guaira_Venezuela
619,La Libertad_Ecuador
620,La Pallice_France
621,La Plata_Argentina
622,La Spezia_Italy
623,Laayoune_Western Sahara
624,Lae_Papua New Guinea
625,Lafarge_Indonesia
626,Lagos_Nigeria
627,Lagos_Portugal
628,Lahad Datu_Malaysia
629,Lake Charles_U.S.A.
630,Lakselv_Norway
631,Lamu_Kenya
632,Lanqiao Port_China
633,Larnaca_Cyprus
634,Larvik_Norway
635,Las Palmas_Spain
636,Lautoka Harbor_Fiji
637,Lazaro Cardenas_Mexico
638,Le Legue_France
639,Leith_United Kingdom
640,Lele Harbor_Micronesia
641,Lerwick_United Kingdom
642,Les Sables D' Olonne_France
643,Levuka_Fiji
644,Lianyungang_China
645,Libreville_Gabon
646,Liepaja_Latvia
647,Limassol_Cyprus
648,Limerick_Ireland
649,Limetree Bay_U.S. Virgin Islands
650,Linden_Guyana
651,Lingkas_Indonesia
652,Lirquen_Chile
653,Lisboa_Portugal
654,Liverpool_United Kingdom
655,Livorno_Italy
656,Lobito_Angola
657,Lome_Toga
658,London_United Kingdom
659,London Gateway_United Kingdom
660,Londonderry_United Kingdom
661,Longkou Gang_China
662,Longyan Port_China
663,Lorient_France
664,Los Angeles_U.S.A.
665,Luanda_Angola
666,Luba_Equatorial Guinea
667,Lubeck-Travemunde_Germany
668,Luderitz Bay_Namibia
669,Luganville_Vanuatu
670,Lulea_Sweden
671,Lumut_Brunei
672,Lumut_Malaysia
673,Macae_Brazil
674,Macau_Macau
675,Mackay_Australia
676,Madang_Papua New Guinea
677,Madre De Deus_Brazil
678,Magam Ruhunupura Mahinda Rajapaksa Port_Sri Lanka
679,Magdalla_India
680,Mahajanga_Madagascar
681,Mailiao_Taiwan
682,Maizuro Ko_Japan
683,Majuro Atoll_Marshall Islands
684,Makhachkala Port_Russia
685,Malabo_Equatorial Guinea
686,Malaga_Spain
687,Malai_Fiji
688,Malakal Harbor_Palau
689,Male_Maldives
690,Malmo_Sweden
691,Malongo_Angola
692,Maloy_Norway
693,Manaus_Brazil
694,Manila_Philippines
695,Manitowoc_U.S.A.
696,Manokwari Road_Indonesia
697,Manta_Ecuador
698,Mantyluoto_Finland
699,Manzanillo_Mexico
700,Manzanillo_Panama
701,Map Ta Phut_Thailand
702,Maputo_Mozambique
703,Maracaibo_Venezuela
704,Mariel_Cuba
705,Marin_Spain
706,Marina Di Carrara_Italy
707,Mariupol_Ukraine
708,Markenes_Norway
709,Marmagao_India
710,Marsa Sabratah_Libya
711,Marsaxlokk_Malta
712,Marseille_France
713,Marsh Harbor_Bahamas
714,Marugame Ko_Japan
715,Masan_South Korea
716,Masao_Philippines
717,Matadi_Democratic Republic of the Congo
718,Matanzas_Cuba
719,Matsusaka_Japan
720,Matsuyama_Japan
721,Matthew Town_Bahamas
722,Maumere_Indonesia
723,Mazatlan_Mexico
724,Mbulo_Solomon Islands
725,Medvezjegorsk_Russia
726,Medway_United Kingdom
727,Medway City_United Kingdom
728,Mejillones_Chile
729,Melbourne_Australia
730,Menominee_U.S.A.
731,Merak Mas Terminal_Indonesia
732,Merauke_Indonesia
733,Mersa Sfax_Tunisia
734,Mersa Tobruq_Libya
735,Mersin_Turkey
736,Miami_U.S.A.
737,Midia_Romania
738,Mikawa_Japan
739,Milazzo_Italy
740,Milford Haven_United Kingdom
741,Milner Bay_Australia
742,Milwaukee_U.S.A.
743,Mina Al Ahmadi_Kuwait
744,Mina Jabal Ali_United Arab Emirates
745,Mina Qabus_Oman
746,Mina Raysut_Oman
747,Mina Saqr_United Arab Emirates
748,Mina Tarabulus (Tripoli)_Libya
749,Mishima-Kawanoe Ko_Japan
750,Misratah_Libya
751,Mitsiwa Harbor_Eritrea
752,Mizushima Ko_Japan
753,Mo Inlet_Norway
754,Mobile_U.S.A.
755,Moen_Micronesia
756,Mohammedia_Morocco
757,Mombasa_Kenya
758,Monfalcone_Italy
759,Mongla_Bangladesh
760,Mongstad_Norway
761,Monopoli_Italy
762,Monrovia_Liberia
763,Montego Bay_Jamaica
764,Montevideo_Uruguay
765,Montoir_France
766,Montreal_Canada
767,Morehead City_U.S.A.
768,Morgan City_U.S.A.
769,Moroni_Comoros
770,Moss_Sweden
771,Mostaganem_Algeria
772,Motril_Spain
773,Moutsamoudu_Comoros
774,Muara Harbor_Brunei
775,Muhamamad Bin Qasim_Pakistan
776,Mumbai (bonbay)_India
777,Mundra_India
778,Muqdisho_Somalia
779,Murmansk_Russia
780,Muroran Ko_Japan
781,Muuga-Port of Talinn_Estonia
782,Mykolayiv_Ukraine
783,Naantali_Finland
784,Nacala_Mozambique
785,Nagasaki_Japan
786,Nagoya Ko_Japan
787,Nakhodka_Russia
788,Namibe_Angola
789,Namsos_Norway
790,Nanao Ko_Japan
791,Nantes_France
792,Nantong_China
793,Naoetsu Ko_Japan
794,Napier_New Zealand
795,Napoli_Italy
796,Narvik_Norway
797,Nasipit Port_Philippines
798,Nassau_Bahamas
799,Natal_Brazil
800,Nauru_Nauru
801,Navlakhi_India
802,Ndora_Solomon Islands
803,Neiafu_Tonga
804,Nelson_New Zealand
805,Nemrut Limani Bay_Turkey
806,Nepoui_New Caledonia
807,New Amsterdam_Guyana
808,New Bedford_U.S.A.
809,New Haven_U.S.A.
810,New Holland_United Kingdom
811,New Mangalore_India
812,New Orleans_U.S.A.
813,New Plymouth_New Zealand
814,New Westminster_Canada
815,New York-New Jersey_U.S.A.
816,Newcastle_Australia
817,Newport_United Kingdom
818,Newport News_U.S.A.
819,Nghe Tinh_Vietnam
820,Nice_France
821,Nicholls Town_Bahamas
822,Niigata Ko_Japan
823,Niihama_Japan
824,Ningbo_China
825,Nitti_Sierra Leone
826,Norfolk_U.S.A.
827,Norrkoping_Sweden
828,North Ain Sukhna Port_Egypt
829,Noshiro Ko_Japan
830,Nouadhibou_Mauritania
831,Nouakchott_Mauritania
832,Noumea_New Caledonia
833,Novorossiysk_Russia
834,Nowshahr Port_Iran
835,Nuevitas Bay_Cuba
836,Nuku Alofa_Tonga
837,Nyborg_Denmark
838,Nynashamn_Sweden
839,Oakland_U.S.A.
840,Ocho Rios_Jamaica
841,Odda_Norway
842,Odense_Denmark
843,Odesa_Ukraine
844,Ofunato_Japan
845,Oil terminal Agioi_Greece
846,Oita Ko_Japan
847,Okaram_Turkmenistan
848,Olbia_Italy
849,Omisalj_Croatia
850,Onahama Ko_Japan
851,Onne_Nigeria
852,Onodo_Japan
853,Onomichi-Itozaki_Japan
854,Onslow_Australia
855,Oostende_Belgium
856,Oran_Algeria
857,Oranjestad_Sint Eustatius
858,Ormoc_Philippines
859,Ormos Aliveriou_Greece
860,Oro Bay_Papua New Guinea
861,Ortona_Italy
862,Osaka_Japan
863,Oskarshamn_Sweden
864,Oslo_Norway
865,Otago_New Zealand
866,Otaru Ko_Japan
867,Oulo_Finland
868,Oxelosund_Sweden
869,PLTU Semen Tonasa_Indonesia
870,Paagoumene_New Caledonia
871,Paarden Baai - (Orangestad)_Aruba
872,Pago Pago Harbor_American Samoa
873,Paita_Peru
874,Paldiski_Estonia
875,Palembang_Indonesia
876,Palm Beach_U.S.A.
877,Palmeira_Cape Verde
878,Palua_Venezuela
879,Panama City_U.S.A.
880,Pangai_Tonga
881,Panjang_Indonesia
882,Papeete_French Polynesia
883,Paradip_India
884,Paramarico_Suriname
885,Paranagua_Brazil
886,Parepare_Indonesia
887,Parnu_Estonia
888,Pascagoula_U.S.A.
889,Patrai_Greece
890,Payra_Bangladesh
891,Pelabuhan Sansakan_Malaysia
892,Pelabuhan Sungai Udang_Malaysia
893,Pelabuhan Tanjung Wangi_Indonesia
894,PelabuhanRatuCoalPowerPlant_Indonesia
895,Pelotas_Brazil
896,Pemba_Mozambique
897,Penglai_China
898,Pepillo Salcedo_Dominican Republic
899,Peterhead_United Kingdom
900,Petrapavlovsk_Russia
901,Philadelphia_U.S.A.
902,Phillipsburg_Sint Maarten
903,Phu My_Vietnam
904,Phuket_Thailand
905,Pichilingue_Mexico
906,Picton_New Zealand
907,Pipavav Bandar_India
908,Piraievs_Greece
909,Pitea_Sweden
910,Playa De Guayanilla_Puerto Rico
911,Playa De Ponce_Puerto Rico
912,Ploce_Croatia
913,Plymouth_Montserrat
914,Plymouth_United Kingdom
915,Pohang_South Korea
916,Point Fortin_Trinidad and Tobago
917,Point Lisa Port_Trinidad and Tobago
918,Point Murat_Australia
919,Point Noire_Republic of Congo
920,Point Richmond_U.S.A.
921,Pointe A Pierre_Trinidad and Tobago
922,Pointe A Pitre_Guadeloupe
923,Pomalaa_Indonesia
924,Ponta Delgada_Portugal
925,Pontianak_Indonesia
926,Poole Harbour_United Kingdom
927,Pornpei Harbor_Micronesia
928,Porsgrunn_Norway
929,Port Adelaide_Australia
930,Port Alma_Australia
931,Port Angeles_Canada
932,Port Aransas_U.S.A.
933,Port Arthur_U.S.A.
934,Port Au Prince_Haiti
935,Port Aux Basques_Canada
936,Port Bayside NB_Canada
937,Port Bonython_Australia
938,Port Cartier_Canada
939,Port D' Ajaccio_France
940,Port Dalrymple_Australia
941,Port De Aracaju_Brazil
942,Port De Caen_France
943,Port De Kribi_Cameroon
944,Port De Salvador_Brazil
945,Port Dickson_Malaysia
946,Port Dover_Canada
947,Port Elizabeth_Saint Vincent and the Grenadines
948,Port Elizabeth_South Africa
949,Port Esquivel_Jamaica
950,Port Est_Reunion
951,Port Everglades_U.S.A.
952,Port Gentil_Gabon
953,Port Giles_Australia
954,Port Harcourt_Nigeria
955,Port Hedland_Australia
956,Port Hueneme_U.S.A.
957,Port Huon_Australia
958,Port Jerome_France
959,Port Kembla_Australia
960,Port Klang_Malaysia
961,Port Kyaukpyu_Myanmar
962,Port Latta_Australia
963,Port Lavaca_U.S.A.
964,Port Lincoln_Australia
965,Port Louis_Mauritius
966,Port Lyttelton_New Zealand
967,Port Manatee_U.S.A.
968,Port Mathurin_Mauritius
969,Port Methanier_Algeria
970,Port Moresby_Papua New Guinea
971,Port Nador_Morocco
972,Port Noro_Solomon Islands
973,Port Owendo_Gabon
974,Port Pirie_Australia
975,Port Rikitea_French Polynesia
976,Port Saint Louis Du Rhone_France
977,Port Sudan_Sudan
978,Port Taman_Russia
979,Port Vale Knights_Cape Verde
980,Port Vila_Vanuatu
981,Port Walcott_Australia
982,Port de Longoni_Mayotte
983,Port of Can Tho_Vietnam
984,Port of Duqm_Oman
985,Port of Le Havre_France
986,Port of Rouen_France
987,Port of Sillamäe_Estonia
988,Port of Sohar_Oman
989,Port of Spain_Trinidad and Tobago
990,Port-De-Bouc_France
991,Port-La-Nouvelle_France
992,Portland_Australia
993,Portland_U.S.A.
994,Portland Harbour_United Kingdom
995,"Portland, ME_U.S.A."
996,Portmouth_U.S.A.
997,Porto Alegre_Brazil
998,Porto Da Praia_Cape Verde
999,Porto De Leizoes_Portugal
1000,Porto De Maceio_Brazil
1001,Porto De Mucuripe_Brazil
1002,Porto De Suape_Brazil
1003,Porto Di Chioggia_Italy
1004,Porto Di Corsini_Italy
1005,Porto Di Lido-Venezia_Italy
1006,Porto Di Malamocco_Italy
1007,Porto Di Oristano_Italy
1008,Porto Di Palermo_Italy
1009,Porto Grande_Cape Verde
1010,Porto Pecem_Brazil
1011,Porto Torres_Italy
1012,Portocel_Brazil
1013,Portovecchio Di Piombino_Italy
1014,Portsmouth Harbour_United Kingdom
1015,Porvoo_Finland
1016,Poti_Georgia
1017,Pozzuoli_Italy
1018,Praia De Vitoria_Portugal
1019,Presque Isle_U.S.A.
1020,Primorsk_Russia
1021,Prince Rupert_U.S.A.
1022,Probolinggo_Indonesia
1023,Progreso_Mexico
1024,Providence_U.S.A.
1025,Providenciales_Turks and Caicos Islands
1026,Puerto Bayovar_Peru
1027,Puerto Bolivar_Colombia
1028,Puerto Bolivar_Ecuador
1029,Puerto Cabello_Venezuela
1030,Puerto Cabezas_Nicaragua
1031,Puerto Caldera_Chile
1032,Puerto Caldera_Costa Rica
1033,Puerto Castilla_Honduras
1034,Puerto Chanaral_Chile
1035,Puerto Colon_Panama
1036,Puerto Cortes_Honduras
1037,Puerto Cristobal_Panama
1038,Puerto De Bilbao_Spain
1039,Puerto De Carboneras_Spain
1040,Puerto De Chimbote_Peru
1041,Puerto De Garrucha_Spain
1042,Puerto De Haina_Dominican Republic
1043,Puerto De Hencan_Honduras
1044,Puerto De Pasajes_Spain
1045,Puerto Del Callao_Peru
1046,Puerto Del Rosario_Spain
1047,Puerto Ilo_Peru
1048,Puerto Ingeniero White_Argentina
1049,Puerto La Cruz_Venezuela
1050,Puerto Madryn_Argentina
1051,Puerto Miranda_Venezuela
1052,Puerto Moin_Costa Rica
1053,Puerto Montt_Chile
1054,Puerto Nuevo_Colombia
1055,Puerto Plata_Dominican Republic
1056,Puerto Princesa_Philippines
1057,Puerto Quetzal_Guatemala
1058,Puerto San Antonio_Chile
1059,Puerto San Martin_Argentina
1060,Puerto Yabucoa_Puerto Rico
1061,Pulau Baai_Indonesia
1062,Pulau Pinang_Malaysia
1063,Punta Cardon_Venezuela
1064,Punta Lobitos (Bahia De Huarmey)_Peru
1065,Pusan_South Korea
1066,Put Put_Papua New Guinea
1067,Pyeongtaek Hang_South Korea
1068,Qalhat LNG Terminal_Oman
1069,Qingdao Gang_China
1070,Qingdao Port_China
1071,Qingzhou_China
1072,Qinhuangdao_China
1073,Qiwei_China
1074,Quanzhou_China
1075,Quebec_Canada
1076,Quelimane_Mozambique
1077,Quequen_Argentina
1078,Qui Nhon_Vietnam
1079,Raahe_Finland
1080,Rabaul_Papua New Guinea
1081,Rabigh_Saudi Arabia
1082,Rada De Arica_Chile
1083,Rada Di vado_Italy
1084,Rade De Brest_France
1085,Randers_Denmark
1086,Rangoon_Myanmar
1087,Ras Al Khafji_Saudi Arabia
1088,Ras Al Mishab_Saudi Arabia
1089,Ras Al-Khair_Saudi Arabia
1090,Ras Laffan_Qatar
1091,Ras Tannurah_Saudi Arabia
1092,Rauma_Finland
1093,Rayong TPI Terminal_Thailand
1094,Recife_Brazil
1095,Reka Luga_Russia
1096,Rethimnon_Greece
1097,Retreat_Saint Vincent and the Grenadines
1098,Reykjavik_Iceland
1099,Richards Bay_South Africa
1100,Riga_Latvia
1101,Rijeka Luka_Croatia
1102,Rio Bueno_Jamaica
1103,Rio De Janeiro_Brazil
1104,Rio Grande_Brazil
1105,Rizhao_China
1106,Road Harbor_British Virgin Islands
1107,Rorvik_Norway
1108,Rosario_Argentina
1109,Rosarito_Mexico
1110,Roseau_Dominica
1111,Rostock_Germany
1112,Rostov-Na-Donu_Russia
1113,Rota_Northern Mariana Islands
1114,Rotterdam_Netherlands
1115,Rouge River_U.S.A.
1116,Rumor Ko_Japan
1117,Ruwais Port_Qatar
1118,Safi_Morocco
1119,Saganoseki Ko_Japan
1120,Sagunto_Spain
1121,Saint Helier Harbour_Jersey
1122,Saint Peter Port_Guernsey
1123,Saint-Laurent-du-Maroni_French Guiana
1124,Saint-Malo_France
1125,Saint-Marc_Haiti
1126,Saipan_Northern Mariana Islands
1127,Sakai Ko_Japan
1128,Sakai-Senboku_Japan
1129,Sakaide Ko_Japan
1130,Sakata Ko_Japan
1131,Sal Rei_Cape Verde
1132,Salaverry_Peru
1133,Saldanha Bay_South Africa
1134,Salelologa_Samoa
1135,Salerno_Italy
1136,Salina Cruz_Mexico
1137,Samarinda_Indonesia
1138,Sampit_Indonesia
1139,Samsun_Turkey
1140,San Diego_U.S.A.
1141,San Fransisco_U.S.A.
1142,San Giogrio_Italy
1143,San Juan_Puerto Rico
1144,San Miguel De Cozumel_Mexico
1145,San Nicolas_Argentina
1146,San Pedro_Cote d'Ivoire
1147,San Pedro De Macoris_Dominican Republic
1148,Sandnessjoen_Norway
1149,Sandusky_U.S.A.
1150,Sankt-Peterburg_Russia
1151,Sanshandaocun_China
1152,Santa Cruz De La Palma_Spain
1153,Santa Cruz De Tenerife_Spain
1154,Santa Maria_Colombia
1155,Santander_Spain
1156,Santiago De Cuba_Cuba
1157,Santo Antonio_Sao Tome and Principe
1158,Santo Domingo_Dominican Republic
1159,Santo Thomas De Castilla_Guatemala
1160,Santos_Brazil
1161,Sao Francisco_Brazil
1162,Sao Sebastiao_Brazil
1163,Sao Tome_Sao Tome and Principe
1164,Sapangar Bay_Malaysia
1165,Sapele_Nigeria
1166,Sarnia_Canada
1167,Sarroch Oil Terminal_Italy
1168,Sassnitz_Germany
1169,Sauda_Norway
1170,Savannah_U.S.A.
1171,Savonia_Italy
1172,Sawakin Harbor_Sudan
1173,Sayda_Lebanon
1174,Searsport_U.S.A.
1175,Seattle_U.S.A.
1176,Seghe_Solomon Islands
1177,Sekondi_Ghana
1178,Sekupang_Indonesia
1179,Semarang_Indonesia
1180,Sendai-Shiogama_Japan
1181,Sept Iles_Canada
1182,Serangoon Harbor_Singapore
1183,Sete_France
1184,Setubal_Portugal
1185,Sevilla_Spain
1186,Shala Pristan_Russia
1187,Shan T Ou_China
1188,Shanghai_China
1189,Shekou_China
1190,Shibushi Wan_Japan
1191,Shidao Newport_China
1192,Shijing Longxiang_China
1193,Shimizu Ko_Japan
1194,Shoreham Harbour_United Kingdom
1195,Shougang Jingtang_China
1196,Shui Dong_China
1197,Si Racha_Thailand
1198,Sibolga_Indonesia
1199,Sikka_India
1200,Sines_Portugal
1201,Singapore_Singapore
1202,Sint Nicolaas Baai_Aruba
1203,Sitrah_Bahrain
1204,Skagen Havn_Denmark
1205,Skelleftehamn_Sweden
1206,Skhira_Tunisia
1207,Skutskar_Sweden
1208,Slagenstangen_Norway
1209,Sodertalje_Sweden
1210,Solvesborg_Sweden
1211,Songkhla Harbor_Thailand
1212,Soudha_Greece
1213,Sousse_Tunisia
1214,South Louisiana_U.S.A.
1215,South Riding Point_Bahamas
1216,Southampton_United Kingdom
1217,Soyo Angola LNG Terminal_Angola
1218,Split_Croatia
1219,St John_Canada
1220,St John's_Canada
1221,St Johns_Antigua and Barbuda
1222,St Nazaire_France
1223,St. George's_Grenada
1224,Stagen_Indonesia
1225,Stavanger_Norway
1226,Steinkjer_Norway
1227,Stenungsund_Sweden
1228,Stockholm_Sweden
1229,Stockton_U.S.A.
1230,Stora Jatterson_Sweden
1231,Stura_Norway
1232,Subio Bay_Philippines
1233,Sundaomen Wuz_China
1234,Sunderland_United Kingdom
1235,Sundsvall_Sweden
1236,Superior_U.S.A.
1237,Surabaya_Indonesia
1238,Surigao City_Philippines
1239,Susaki Ko_Japan
1240,Suva Harbor_Fiji
1241,Swanport_U.S.A.
1242,Swinoujscie_Poland
1243,Sydney_Australia
1244,Sydney_Canada
1245,Sydney_U.S.A.
1246,Szczecin_Poland
1247,Tachibana_Japan
1248,Tacoma_U.S.A.
1249,Taganrog_Russia
1250,Tagonoura Ko_Japan
1251,Tahaa_French Polynesia
1252,Tai-Chung Kang_Taiwan
1253,Taicang_China
1254,Takamatsu_Japan
1255,Takoradi_Ghana
1256,Takuma_Japan
1257,Talara_Peru
1258,Talinn_Estonia
1259,Tampa_U.S.A.
1260,Tampico_Mexico
1261,Tan-Shui_Taiwan
1262,Tanah Merah_Indonesia
1263,Tananger_Norway
1264,Tanga_Tanzania
1265,Tangier-Mediterranean_Morocco
1266,Tangshan (Jingtang)_China
1267,Tanjung Benete_Indonesia
1268,Tanjung Geren_Indonesia
1269,Tanjung Pelepas_Malaysia
1270,Tanjung Sangata_Indonesia
1271,Tanjung Sekong_Indonesia
1272,Tanjungredeb_Indonesia
1273,Tanjunguban_Indonesia
1274,Tarabulus_Lebanon
1275,Taranto_Italy
1276,Tarawa Atoll_Kiribati
1277,Tarragona_Spain
1278,Tauranga_New Zealand
1279,Teesport_United Kingdom
1280,Tekirdag_Turkey
1281,Teluk Bayur_Indonesia
1282,Tema_Ghana
1283,Temryuk_Russia
1284,Terneuzen_Netherlands
1285,Texas City_U.S.A.
1286,Tg Mani_Malaysia
1287,Tg. Sorong_Indonesia
1288,Tha Thong_Thailand
1289,Thamesport_United Kingdom
1290,Thamshamm_Norway
1291,Thanh Ho Chi Minh_Vietnam
1292,The Bottom_Saba
1293,Thessaloniki_Greece
1294,Thevenard_Australia
1295,Thunder Bay_Canada
1296,Thyboron_Denmark
1297,Tianjin Xin Gang_China
1298,Tilbury_United Kingdom
1299,Timaru_New Zealand
1300,Tinian_Northern Mariana Islands
1301,Toamasina_Madagascar
1302,Tocopilla_Chile
1303,Tokachi_Japan
1304,Tokuyama_Japan
1305,Tokyo Ko_Japan
1306,Toledo_U.S.A.
1307,Toliara_Madagascar
1308,Tomakomai Ko_Japan
1309,Tonghae_South Korea
1310,Topolorampo_Mexico
1311,Torina_Finland
1312,Toronto_Canada
1313,Toros Gubre_Turkey
1314,Torrevieja_Spain
1315,Townsville_Australia
1316,Trabzon_Turkey
1317,Trelleborg_Sweden
1318,Trieste_Italy
1319,Trincomalee Harbor_Sri Lanka
1320,Trois Rivieres_Canada
1321,Tromso_Norway
1322,Trondheim_Norway
1323,Tsingeli_Greece
1324,Tsukumi Ko_Japan
1325,Tsuruga Ko_Japan
1326,Tuapse_Russia
1327,Tuban_Indonesia
1328,Tubarao_Brazil
1329,Tunis_Tunisia
1330,Turkmenbashi Port_Turkmenistan
1331,Tuticorin_India
1332,Tuxpan_Mexico
1333,Two Harbors_U.S.A.
1334,Tynemouth_United Kingdom
1335,Ube Ko_Japan
1336,Ujung Pandang_Indonesia
1337,Uleelheue_Indonesia
1338,Ulsan_South Korea
1339,Umea Hamn_Sweden
1340,Umm Al Qaywayn_United Arab Emirates
1341,Umm Qasr_Iraq
1342,Umm Said_Qatar
1343,Uno Ko_Japan
1344,Uturoa_French Polynesia
1345,Uwajima Ko_Japan
1346,Vaasa_Finland
1347,Vaitape_French Polynesia
1348,Valencia_Spain
1349,Valletta Harbors_Malta
1350,Vancouver_Canada
1351,Vancouver_U.S.A.
1352,Vanimo_Papua New Guinea
1353,Varberg_Sweden
1354,Varkaus_Finland
1355,Varna_Bulgaria
1356,Vasteras_Sweden
1357,Ventspils_Latvia
1358,Veracruz_Mexico
1359,Victoria_Guinea
1360,Victoria_Malaysia
1361,Victoria_Seychelles
1362,Vieux Fort_Saint Lucia
1363,Vigo_Spain
1364,Vikanes_Norway
1365,Villagarcia De Arosa_Spain
1366,Villanueva_Philippines
1367,Vishakhapatnam_India
1368,Vitoria_Brazil
1369,Vladivostok_Russia
1370,Vlissingen_Netherlands
1371,Vlores_Albania
1372,Voh_New Caledonia
1373,Volos_Greece
1374,Vostochnyy_Russia
1375,Vung Tau_Vietnam
1376,Vyborg_Russia
1377,Waingapu_Indonesia
1378,Wakamatsu Ko_Japan
1379,Wakayama-Shimotsu Ko_Japan
1380,Wallaroo_Australia
1381,Walvis Bay_Namibia
1382,Warren Point_Ireland
1383,Warri_Nigeria
1384,Waterford_Ireland
1385,Weifang Port_China
1386,Weihai_China
1387,Weipa_Australia
1388,Wellington_New Zealand
1389,Welshpool_Australia
1390,Wenzhou_China
1391,Western Port_Australia
1392,Wewak Harbor_Papua New Guinea
1393,Whangerei_New Zealand
1394,Whittier_U.S.A.
1395,Whyalla_Australia
1396,Wilhelmshaven_Germany
1397,Willemstad_Curacao
1398,"Wilmington, DE_U.S.A."
1399,"Wilmington, NC_U.S.A."
1400,Wisbech_United Kingdom
1401,Wismar_Germany
1402,Workington_United Kingdom
1403,Xiagong_China
1404,Xiamen_China
1405,Xiuyu_China
1406,Yakacik_Turkey
1407,Yalova_Turkey
1408,Yanbu_Saudi Arabia
1409,Yangpu_China
1410,Yantai_China
1411,Yatsushiro Ko_Japan
1412,Yawatahama_Japan
1413,Yeysk_Russia
1414,Yiantian_China
1415,Yingkou_China
1416,Yokkaichi_Japan
1417,Yokohama Ko_Japan
1418,Yokosuka Ko_Japan
1419,Yuzhnyy_Ukraine
1420,Zamboanga_Philippines
1421,Zanzibar_Tanzania
1422,Zarate_Argentina
1423,Zarzis_Tunisia
1424,Zeebrugge_Belgium
1425,Zhangjiangang_China
1426,Zhanjiang_China
1427,Zhapu_China
1428,Zhouliwang_China
1429,Zhoushan_China
1430,Zonguldak_Turkey
1431,palma De Mallorca_Spain
1432,rada Punta Arenas_Chile
